1.0,0.9952,0.9896,0.9836,0.974,0.9628,0.9548,0.9492,0.9444,0.9408,0.9344,0.9272,0.9224,0.9176,0.91,0.9064,0.9024,0.8948,0.8872,0.8812,0.8756,0.8708,0.864,0.8588,0.8524,0.8476,0.8436,0.8372,0.834,0.8276,0.8196,0.8136,0.8092,0.8056,0.8016,0.7928,0.7864,0.7796,0.7748,0.7684,0.7628,0.7568,0.7516,0.7472,0.7372,0.7288,0.7184,0.7168,0.6988,0.6944,0.0
1.0,0.9952,0.9916,0.9848,0.9772,0.9708,0.9632,0.9588,0.9524,0.9472,0.9436,0.938,0.9312,0.9232,0.9196,0.914,0.9088,0.904,0.8988,0.8916,0.8844,0.88,0.876,0.872,0.866,0.8616,0.854,0.8472,0.8384,0.8296,0.826,0.8208,0.8172,0.8112,0.8052,0.8008,0.7948,0.7892,0.7828,0.778,0.7744,0.7708,0.7664,0.7572,0.7548,0.744,0.7372,0.7256,0.7216,0.7112,0.7096,0.7012,0.6896,0.6716,0.0
1.0,0.9928,0.9824,0.9764,0.9676,0.9636,0.9568,0.9508,0.9448,0.94,0.9336,0.9284,0.9216,0.9156,0.9084,0.9024,0.894,0.8872,0.882,0.876,0.8692,0.8652,0.8584,0.8488,0.844,0.8372,0.8296,0.8252,0.82,0.8156,0.81,0.8056,0.8032,0.7964,0.7928,0.7888,0.784,0.7764,0.774,0.7692,0.7676,0.7596,0.7564,0.7496,0.7432,0.7332,0.7308,0.7248,0.7192,0.712,0.7008,0.6772,0.6688,0.0
1.0,0.9948,0.9872,0.9808,0.9772,0.9708,0.964,0.9568,0.9496,0.9444,0.9368,0.9292,0.9232,0.9152,0.9088,0.9012,0.8968,0.8908,0.8828,0.8776,0.8688,0.8652,0.8556,0.8488,0.844,0.8392,0.8352,0.8308,0.826,0.8208,0.8132,0.8116,0.804,0.8016,0.7948,0.7904,0.7832,0.7796,0.7752,0.7704,0.766,0.76,0.756,0.7528,0.7448,0.7392,0.728,0.726,0.7236,0.7148,0.7028,0.6952,0.6824,0.6812,0.6392,0.0
1.0,0.9936,0.986,0.9812,0.978,0.9704,0.9648,0.9636,0.958,0.952,0.946,0.944,0.9376,0.9316,0.9256,0.9208,0.9168,0.9104,0.9068,0.9032,0.898,0.8944,0.89,0.8832,0.8776,0.8712,0.8652,0.86,0.854,0.8512,0.846,0.8424,0.8368,0.8312,0.8272,0.824,0.8176,0.8104,0.8064,0.8008,0.794,0.7904,0.7836,0.7784,0.7736,0.7688,0.7608,0.7552,0.7528,0.7476,0.7448,0.7436,0.7388,0.7336,0.728,0.7192,0.7096,0.7032,0.6968,0.6872,0.66,0.634,0.0
1.0,0.9936,0.984,0.9804,0.9724,0.9676,0.9624,0.9552,0.9484,0.9408,0.9344,0.926,0.9224,0.9168,0.9112,0.9076,0.9008,0.8928,0.8872,0.8804,0.8756,0.8684,0.8632,0.8612,0.8572,0.8504,0.8468,0.8416,0.838,0.8312,0.8268,0.8208,0.8128,0.8092,0.8064,0.8012,0.7948,0.7912,0.7888,0.7828,0.7788,0.7728,0.7648,0.7632,0.7568,0.752,0.7476,0.7432,0.736,0.7296,0.7196,0.7092,0.7036,0.696,0.6904,0.6788,0.6676,0.6524,0.0
1.0,0.9916,0.9844,0.978,0.9708,0.9676,0.9624,0.9572,0.9532,0.9496,0.944,0.9376,0.9336,0.9288,0.922,0.9168,0.9064,0.902,0.8976,0.8936,0.8896,0.884,0.8788,0.8712,0.8632,0.8592,0.8532,0.8504,0.8464,0.8416,0.8356,0.8284,0.8244,0.8148,0.8104,0.806,0.8008,0.796,0.7872,0.7816,0.7784,0.7748,0.768,0.762,0.7584,0.7528,0.7476,0.7432,0.7388,0.7296,0.7216,0.7136,0.7076,0.6852,0.6632,0.0
1.0,0.9932,0.9892,0.9856,0.9808,0.9748,0.9668,0.96,0.9552,0.948,0.9436,0.938,0.9336,0.9284,0.9232,0.9172,0.9136,0.908,0.9016,0.8972,0.8912,0.8852,0.88,0.874,0.8664,0.8632,0.8568,0.8512,0.8424,0.8384,0.834,0.8292,0.8244,0.818,0.816,0.8112,0.8068,0.8032,0.7932,0.7892,0.7844,0.7788,0.772,0.766,0.76,0.7524,0.7472,0.7376,0.73,0.7172,0.7136,0.7084,0.704,0.696,0.6888,0.6832,0.6708,0.6592,0.0
1.0,0.9928,0.9868,0.9772,0.9728,0.9672,0.96,0.9556,0.9496,0.9456,0.9412,0.9356,0.928,0.9204,0.9132,0.9076,0.9004,0.8964,0.8912,0.886,0.8796,0.8728,0.8676,0.8644,0.8592,0.8536,0.848,0.8416,0.832,0.8308,0.8264,0.8212,0.8172,0.814,0.8056,0.8012,0.7964,0.7904,0.788,0.7868,0.7832,0.7776,0.7736,0.7684,0.7592,0.7488,0.7388,0.7336,0.7276,0.7192,0.7092,0.7032,0.696,0.69,0.6696,0.6612,0.6596,0.0
1.0,0.9956,0.99,0.984,0.978,0.972,0.9648,0.9596,0.9528,0.9476,0.9404,0.936,0.9332,0.928,0.9232,0.9176,0.9136,0.9088,0.9028,0.8988,0.8928,0.8868,0.8804,0.876,0.8688,0.8628,0.856,0.852,0.8476,0.8432,0.8376,0.834,0.8296,0.826,0.8216,0.8144,0.8108,0.8056,0.7996,0.7968,0.794,0.7892,0.7848,0.7744,0.7716,0.7692,0.76,0.7552,0.7432,0.7404,0.7304,0.7236,0.7164,0.7124,0.7048,0.6872,0.6768,0.6604,0.0
1.0,0.9944,0.99,0.9828,0.9732,0.9656,0.96,0.9532,0.9492,0.9424,0.9368,0.9328,0.9276,0.9212,0.914,0.908,0.9008,0.8952,0.8916,0.886,0.8776,0.8732,0.868,0.8616,0.8572,0.8512,0.8476,0.8412,0.8336,0.8288,0.8248,0.82,0.8132,0.8104,0.8068,0.8028,0.8,0.7944,0.7868,0.7804,0.7744,0.77,0.7652,0.76,0.7512,0.7484,0.746,0.7404,0.728,0.7216,0.712,0.7028,0.6748,0.666,0.0
1.0,0.9952,0.9872,0.9824,0.976,0.9692,0.9648,0.9588,0.9516,0.946,0.9396,0.9356,0.9284,0.92,0.9156,0.9084,0.9024,0.8984,0.894,0.8912,0.8824,0.8764,0.8708,0.8632,0.8592,0.8544,0.8504,0.8452,0.8408,0.8364,0.8328,0.8264,0.8216,0.818,0.8108,0.806,0.8036,0.8028,0.7992,0.7932,0.7864,0.7824,0.7792,0.7748,0.7692,0.7628,0.7576,0.752,0.7448,0.7368,0.7304,0.7264,0.7132,0.7024,0.6924,0.6776,0.6716,0.6296,0.0
1.0,0.9956,0.99,0.986,0.9788,0.9704,0.9672,0.962,0.9572,0.9504,0.9452,0.9376,0.932,0.9236,0.9136,0.9112,0.9056,0.9004,0.8948,0.89,0.8848,0.8788,0.8732,0.8648,0.8584,0.852,0.8464,0.84,0.8384,0.8328,0.8272,0.8192,0.814,0.8068,0.8016,0.794,0.792,0.7888,0.7828,0.7768,0.77,0.7692,0.7632,0.7572,0.752,0.7372,0.734,0.7236,0.7208,0.7172,0.7072,0.6968,0.6856,0.6744,0.0
1.0,0.994,0.9884,0.9856,0.9796,0.9776,0.9728,0.9688,0.9608,0.9532,0.944,0.936,0.9292,0.9232,0.9188,0.916,0.9096,0.904,0.8984,0.8944,0.8884,0.8844,0.8792,0.8732,0.8684,0.8656,0.86,0.8556,0.85,0.8452,0.84,0.8376,0.8304,0.826,0.8224,0.8148,0.808,0.8036,0.798,0.7944,0.7888,0.7848,0.7804,0.7772,0.7732,0.7648,0.7572,0.7552,0.7468,0.7372,0.7292,0.7232,0.7172,0.708,0.6976,0.6876,0.6756,0.6464,0.0
1.0,0.9948,0.99,0.9832,0.9776,0.9712,0.9652,0.9612,0.9528,0.9484,0.9404,0.9348,0.93,0.9272,0.9212,0.9132,0.908,0.9008,0.8944,0.8892,0.884,0.8816,0.8784,0.8764,0.87,0.8656,0.862,0.854,0.8464,0.842,0.8348,0.8296,0.824,0.8188,0.816,0.8128,0.8088,0.8044,0.7988,0.7916,0.7848,0.7776,0.7712,0.7632,0.7568,0.7516,0.7428,0.7364,0.7324,0.7268,0.7164,0.7116,0.7036,0.6948,0.6632,0.6444,0.0
1.0,0.9928,0.9892,0.9852,0.9796,0.9748,0.9668,0.9616,0.9552,0.9496,0.9464,0.9416,0.9336,0.9268,0.9208,0.9132,0.9076,0.9004,0.8952,0.8904,0.884,0.8788,0.874,0.868,0.8628,0.8572,0.8516,0.8468,0.8428,0.8384,0.832,0.828,0.8256,0.8208,0.8172,0.8116,0.8052,0.7996,0.7964,0.792,0.7888,0.7844,0.7776,0.7744,0.77,0.7596,0.7512,0.7456,0.7328,0.7312,0.726,0.6984,0.6904,0.6676,0.0
1.0,0.9936,0.9864,0.9816,0.9744,0.9668,0.962,0.9576,0.954,0.946,0.9396,0.9336,0.9248,0.9216,0.9164,0.9112,0.9056,0.898,0.8936,0.8892,0.8832,0.8784,0.8728,0.8708,0.8656,0.8612,0.8524,0.8464,0.8428,0.838,0.834,0.8276,0.8204,0.814,0.8072,0.8004,0.7948,0.7884,0.7852,0.7792,0.7712,0.7664,0.7596,0.7524,0.742,0.736,0.7308,0.7288,0.7216,0.7128,0.7056,0.6964,0.6776,0.6692,0.6556,0.0
1.0,0.9948,0.9896,0.9844,0.9768,0.974,0.968,0.96,0.9548,0.95,0.942,0.936,0.9308,0.9264,0.9188,0.9156,0.9108,0.9052,0.8984,0.8956,0.8892,0.8848,0.88,0.8748,0.8712,0.8656,0.8632,0.8552,0.8504,0.8436,0.8384,0.8312,0.8256,0.8196,0.8136,0.8072,0.8048,0.7988,0.796,0.7932,0.7888,0.7832,0.7776,0.7744,0.7688,0.764,0.7556,0.75,0.7428,0.7372,0.7316,0.7256,0.724,0.7164,0.702,0.6888,0.678,0.6676,0.646,0.0
1.0,0.9964,0.9896,0.9812,0.9764,0.9692,0.9636,0.9564,0.9532,0.9472,0.9436,0.9392,0.9348,0.9284,0.9248,0.9192,0.9148,0.9072,0.9028,0.8956,0.8888,0.8864,0.8776,0.8744,0.87,0.8648,0.8604,0.852,0.8464,0.8412,0.8376,0.8332,0.8276,0.822,0.818,0.8144,0.8048,0.7988,0.7904,0.7852,0.7792,0.7728,0.7664,0.7628,0.7576,0.75,0.7424,0.736,0.73,0.726,0.7172,0.7064,0.6976,0.6952,0.6824,0.6744,0.0
1.0,0.998,0.9916,0.9848,0.9804,0.9724,0.9676,0.9624,0.9576,0.9512,0.9468,0.9404,0.9384,0.9344,0.93,0.9256,0.9212,0.916,0.9088,0.9044,0.896,0.894,0.8892,0.8824,0.8772,0.8688,0.8592,0.8548,0.8504,0.8452,0.8384,0.832,0.8288,0.8252,0.818,0.814,0.8108,0.806,0.8,0.7936,0.7904,0.7848,0.7792,0.7708,0.7604,0.7548,0.7468,0.738,0.7276,0.7188,0.7048,0.6888,0.0
1.0,0.9952,0.986,0.9788,0.9752,0.9704,0.9608,0.9532,0.9484,0.9388,0.9332,0.9276,0.922,0.9156,0.9124,0.906,0.9036,0.9,0.8932,0.888,0.884,0.8788,0.8736,0.8684,0.8616,0.8552,0.8512,0.846,0.8404,0.8344,0.8288,0.8184,0.8136,0.8056,0.8,0.7916,0.788,0.7836,0.78,0.774,0.7676,0.7656,0.7584,0.7516,0.7476,0.74,0.7336,0.7276,0.7244,0.7192,0.7136,0.7104,0.7008,0.6968,0.6832,0.6784,0.6764,0.0
1.0,0.9932,0.9892,0.9824,0.9752,0.9712,0.9644,0.9568,0.9492,0.942,0.938,0.9304,0.926,0.9152,0.9104,0.9044,0.8976,0.8916,0.8872,0.882,0.8764,0.8712,0.8676,0.8624,0.8596,0.8548,0.8456,0.8428,0.838,0.8324,0.8288,0.8232,0.8152,0.8104,0.8036,0.7996,0.7936,0.7868,0.7804,0.77,0.7652,0.7632,0.7568,0.7488,0.7404,0.736,0.7312,0.7216,0.7156,0.7104,0.6544,0.6476,0.0
1.0,0.9936,0.9856,0.9804,0.9728,0.9684,0.9616,0.9544,0.9496,0.9428,0.9368,0.9304,0.9244,0.918,0.9144,0.9076,0.9036,0.898,0.894,0.8856,0.876,0.87,0.8652,0.8616,0.8568,0.8528,0.8472,0.8412,0.8348,0.832,0.8264,0.8236,0.8196,0.8136,0.8084,0.8032,0.796,0.7948,0.7884,0.786,0.774,0.7696,0.7652,0.7592,0.7552,0.7496,0.7412,0.7332,0.7248,0.7112,0.6936,0.6876,0.0
1.0,0.9932,0.986,0.9804,0.9756,0.97,0.964,0.9556,0.9492,0.9448,0.9388,0.9332,0.9288,0.924,0.9184,0.9152,0.9076,0.9036,0.896,0.8908,0.8864,0.8776,0.8716,0.866,0.858,0.854,0.848,0.8416,0.8372,0.83,0.8236,0.8164,0.8108,0.8056,0.7992,0.7956,0.7908,0.7844,0.7776,0.7744,0.7728,0.7676,0.7644,0.7568,0.7484,0.7448,0.7364,0.732,0.7272,0.7076,0.7028,0.694,0.682,0.6664,0.6524,0.0
1.0,0.9928,0.9836,0.9776,0.9708,0.966,0.9608,0.9532,0.9456,0.938,0.932,0.9252,0.9184,0.9124,0.9064,0.9,0.8932,0.8884,0.8828,0.8772,0.8704,0.8644,0.8592,0.8532,0.8476,0.8392,0.834,0.8272,0.8208,0.8128,0.8092,0.8032,0.7956,0.792,0.7864,0.7804,0.7756,0.768,0.7636,0.7604,0.7568,0.7504,0.738,0.7288,0.7224,0.7108,0.7032,0.6896,0.6788,0.656,0.0
1.0,0.9956,0.9896,0.9804,0.9736,0.9684,0.9624,0.9588,0.9524,0.9484,0.9432,0.9356,0.9328,0.93,0.9256,0.9212,0.916,0.912,0.9056,0.8996,0.8948,0.8912,0.8856,0.8796,0.8744,0.8716,0.8664,0.8596,0.8532,0.8484,0.8416,0.8372,0.8348,0.8276,0.8204,0.8156,0.8092,0.8052,0.7948,0.7888,0.786,0.7804,0.7768,0.7728,0.7688,0.7652,0.7584,0.754,0.7512,0.7464,0.7412,0.7336,0.7224,0.71,0.7056,0.666,0.0
1.0,0.9968,0.9888,0.9824,0.9768,0.9696,0.9636,0.958,0.9496,0.9428,0.938,0.9324,0.9268,0.9216,0.9176,0.9092,0.9028,0.8996,0.896,0.8884,0.8836,0.878,0.8732,0.8668,0.8624,0.8564,0.8524,0.848,0.8428,0.8352,0.8316,0.8292,0.8212,0.816,0.8112,0.806,0.7996,0.796,0.7916,0.784,0.7752,0.7728,0.7704,0.7604,0.7512,0.7436,0.7392,0.7328,0.7272,0.7212,0.71,0.7036,0.6736,0.0
1.0,0.992,0.9852,0.9792,0.9732,0.9656,0.9588,0.95,0.9436,0.9396,0.934,0.9272,0.92,0.9128,0.9084,0.9,0.8928,0.8888,0.8852,0.878,0.8708,0.8652,0.8616,0.8532,0.8464,0.8412,0.8344,0.83,0.8256,0.82,0.8156,0.8124,0.8104,0.804,0.8004,0.7956,0.7896,0.7852,0.7772,0.7688,0.7628,0.76,0.7556,0.7476,0.7456,0.7412,0.732,0.7144,0.7048,0.6904,0.6776,0.0
1.0,0.9904,0.986,0.978,0.9728,0.9688,0.9604,0.9536,0.9468,0.942,0.9352,0.9312,0.9296,0.9244,0.9208,0.9136,0.9052,0.9008,0.8956,0.89,0.8832,0.8756,0.8704,0.8688,0.862,0.8548,0.8472,0.8372,0.8312,0.8248,0.8224,0.8184,0.8124,0.8064,0.7996,0.7952,0.7816,0.7768,0.7724,0.7652,0.7608,0.7584,0.7544,0.744,0.7412,0.7344,0.7244,0.7188,0.7124,0.7088,0.698,0.69,0.6836,0.6644,0.0
1.0,0.9948,0.99,0.9848,0.9784,0.9696,0.9656,0.9584,0.9496,0.9468,0.9372,0.9304,0.924,0.9208,0.9168,0.9096,0.9012,0.8932,0.888,0.8848,0.8816,0.8756,0.8724,0.8668,0.862,0.856,0.8504,0.8444,0.8388,0.8352,0.832,0.8264,0.8236,0.8164,0.8132,0.8072,0.8024,0.7952,0.7896,0.784,0.7768,0.7696,0.7652,0.7612,0.7592,0.75,0.742,0.734,0.7272,0.7216,0.7152,0.7084,0.6976,0.6556,0.6392,0.0
1.0,0.996,0.99,0.9804,0.976,0.97,0.9612,0.9556,0.95,0.9424,0.9372,0.9308,0.9276,0.922,0.9188,0.9112,0.9032,0.8976,0.8932,0.888,0.8804,0.8764,0.8704,0.866,0.8588,0.8528,0.848,0.8444,0.84,0.8344,0.83,0.8256,0.8212,0.814,0.81,0.8052,0.7996,0.7956,0.7912,0.7832,0.7784,0.774,0.7692,0.7608,0.7504,0.7388,0.7292,0.7228,0.7156,0.7088,0.7032,0.6948,0.6912,0.6832,0.6712,0.6552,0.0
1.0,0.9916,0.988,0.9816,0.9756,0.9688,0.9644,0.9576,0.9512,0.9432,0.9388,0.9376,0.9336,0.9268,0.9212,0.9156,0.9116,0.9064,0.8972,0.8908,0.8844,0.8816,0.8756,0.8688,0.864,0.8584,0.8544,0.8528,0.8472,0.8428,0.8368,0.8324,0.8248,0.8212,0.8184,0.8136,0.8084,0.8036,0.7972,0.79,0.7828,0.77,0.762,0.754,0.746,0.7408,0.7352,0.732,0.7168,0.706,0.6988,0.6904,0.6808,0.6628,0.0
1.0,0.9968,0.9904,0.9844,0.978,0.9728,0.9636,0.9548,0.9488,0.942,0.936,0.9308,0.924,0.9192,0.9124,0.906,0.9008,0.8984,0.892,0.8852,0.8796,0.8772,0.8736,0.8684,0.864,0.8564,0.8516,0.8476,0.8412,0.8316,0.8244,0.8196,0.812,0.8088,0.8064,0.8,0.7924,0.7888,0.7844,0.7776,0.7696,0.7624,0.7588,0.7532,0.7512,0.7452,0.7412,0.7396,0.7332,0.7296,0.714,0.708,0.7048,0.696,0.6908,0.6736,0.6524,0.0
1.0,0.9956,0.9908,0.986,0.9792,0.9752,0.9672,0.96,0.9548,0.9476,0.9412,0.9328,0.9264,0.9212,0.9148,0.9068,0.9032,0.898,0.8912,0.8856,0.88,0.8764,0.872,0.8684,0.8624,0.8556,0.8504,0.8452,0.842,0.8356,0.8312,0.826,0.8192,0.8156,0.8108,0.8064,0.7988,0.7932,0.786,0.7816,0.774,0.7688,0.7656,0.7632,0.7592,0.7544,0.7492,0.7448,0.7352,0.7312,0.7204,0.7116,0.702,0.6948,0.6752,0.0
1.0,0.9932,0.9872,0.9828,0.9744,0.9652,0.9588,0.9504,0.9436,0.938,0.9328,0.9284,0.9232,0.9188,0.9128,0.9068,0.9012,0.8984,0.8928,0.8876,0.8828,0.878,0.8744,0.866,0.8592,0.854,0.8512,0.8448,0.8388,0.8312,0.8276,0.822,0.8184,0.8136,0.8088,0.8008,0.7952,0.7892,0.786,0.7816,0.7788,0.7748,0.7728,0.7632,0.7608,0.7516,0.7484,0.7424,0.7392,0.7236,0.716,0.6996,0.6936,0.6728,0.6592,0.652,0.0
1.0,0.9948,0.9904,0.986,0.98,0.9732,0.9664,0.9628,0.9604,0.9536,0.9476,0.9364,0.9316,0.9264,0.9208,0.9136,0.9076,0.902,0.8976,0.8924,0.8856,0.8812,0.8756,0.8688,0.864,0.8576,0.8508,0.8432,0.8396,0.834,0.8292,0.8268,0.8228,0.8196,0.8148,0.812,0.8076,0.8036,0.7988,0.7948,0.7888,0.7804,0.776,0.7744,0.7656,0.7608,0.7552,0.7508,0.7452,0.738,0.7276,0.7208,0.7124,0.7028,0.6932,0.6716,0.6624,0.6564,0.0
1.0,0.9956,0.99,0.9844,0.9784,0.9736,0.9672,0.964,0.9588,0.9508,0.9452,0.9392,0.9344,0.928,0.9236,0.9188,0.9136,0.9064,0.9028,0.8996,0.8944,0.888,0.8852,0.8804,0.8768,0.8704,0.866,0.8636,0.858,0.8528,0.8484,0.844,0.8384,0.834,0.8272,0.8224,0.8172,0.8104,0.8028,0.7996,0.7908,0.7856,0.78,0.7776,0.7688,0.7616,0.7608,0.7588,0.7564,0.7512,0.7436,0.7356,0.7264,0.72,0.716,0.712,0.7044,0.7,0.6884,0.6724,0.6536,0.6388,0.0
1.0,0.996,0.9896,0.9824,0.9772,0.9704,0.9644,0.9592,0.9548,0.9492,0.9408,0.9368,0.9304,0.9244,0.9172,0.9104,0.9064,0.9012,0.892,0.8856,0.8836,0.8784,0.8744,0.8688,0.864,0.8576,0.8532,0.8456,0.8424,0.8372,0.8312,0.8252,0.8212,0.8168,0.8144,0.8084,0.802,0.798,0.7904,0.7832,0.7788,0.7748,0.768,0.7656,0.7636,0.762,0.7532,0.7484,0.7388,0.726,0.7172,0.7076,0.7,0.6908,0.6844,0.0
1.0,0.9956,0.99,0.9836,0.976,0.9704,0.9632,0.9572,0.9524,0.948,0.9432,0.9364,0.932,0.926,0.9204,0.914,0.9056,0.8976,0.888,0.8828,0.8772,0.8708,0.8644,0.8596,0.8576,0.852,0.8456,0.8412,0.8368,0.83,0.8256,0.82,0.8136,0.808,0.8004,0.7952,0.7908,0.7832,0.776,0.7724,0.7672,0.762,0.7556,0.7504,0.7412,0.7344,0.7232,0.718,0.714,0.71,0.7008,0.6904,0.6824,0.0
1.0,0.996,0.9896,0.9808,0.9696,0.9664,0.9608,0.9524,0.9444,0.9384,0.9332,0.9268,0.9232,0.9188,0.9108,0.906,0.9024,0.8968,0.8904,0.8856,0.876,0.8704,0.8648,0.8584,0.8528,0.8464,0.8412,0.8352,0.8268,0.8224,0.8172,0.8132,0.8072,0.8032,0.8,0.7948,0.7896,0.7868,0.7852,0.78,0.7748,0.7708,0.7672,0.7544,0.752,0.7416,0.7352,0.728,0.712,0.7044,0.0
1.0,0.9948,0.9844,0.978,0.9708,0.9648,0.9612,0.9552,0.9488,0.9416,0.9336,0.9272,0.9216,0.9152,0.9088,0.904,0.8988,0.8944,0.8904,0.8852,0.8804,0.8756,0.8688,0.8628,0.858,0.8528,0.8452,0.8404,0.836,0.8312,0.8268,0.8216,0.8152,0.8088,0.8048,0.7996,0.7924,0.7876,0.782,0.7752,0.7692,0.7616,0.7552,0.7476,0.7368,0.7256,0.7192,0.7076,0.686,0.6688,0.0
1.0,0.9956,0.99,0.9852,0.9792,0.9736,0.9692,0.9612,0.9528,0.944,0.934,0.9252,0.9204,0.9176,0.9116,0.9072,0.9012,0.8932,0.8896,0.8864,0.882,0.876,0.8692,0.86,0.8532,0.8488,0.8428,0.838,0.834,0.828,0.8212,0.8168,0.8096,0.8052,0.802,0.796,0.794,0.784,0.78,0.7756,0.7696,0.7644,0.7564,0.7484,0.7408,0.7336,0.7196,0.7128,0.7004,0.6884,0.6088,0.0
1.0,0.9956,0.992,0.9852,0.9792,0.9732,0.9676,0.9616,0.958,0.9524,0.9448,0.9396,0.934,0.9268,0.9208,0.9144,0.9092,0.9024,0.896,0.8872,0.8824,0.8764,0.872,0.8668,0.8616,0.8572,0.8532,0.8504,0.8444,0.8372,0.832,0.8232,0.8164,0.8112,0.8036,0.8,0.7928,0.7864,0.7804,0.7748,0.7688,0.7672,0.76,0.7532,0.7488,0.7436,0.7376,0.7312,0.7284,0.7168,0.7072,0.698,0.694,0.684,0.6776,0.6636,0.6592,0.6492,0.0
1.0,0.9924,0.9856,0.9756,0.9704,0.9672,0.9612,0.9576,0.95,0.944,0.9408,0.9352,0.9256,0.9172,0.912,0.904,0.8988,0.8948,0.888,0.8812,0.8756,0.8688,0.8632,0.8588,0.8532,0.8476,0.8404,0.8336,0.8296,0.8232,0.818,0.812,0.8076,0.804,0.7968,0.7936,0.7884,0.7808,0.7752,0.7688,0.7636,0.7564,0.7496,0.744,0.7392,0.7304,0.7152,0.7064,0.688,0.6732,0.0
1.0,0.9944,0.9896,0.9844,0.978,0.9712,0.966,0.958,0.9504,0.9472,0.9428,0.936,0.9292,0.9244,0.9168,0.912,0.9064,0.9008,0.8932,0.8844,0.8812,0.874,0.8668,0.8608,0.856,0.8512,0.8492,0.8436,0.8404,0.8376,0.8336,0.8232,0.82,0.818,0.81,0.8044,0.8004,0.7956,0.792,0.7864,0.7784,0.7724,0.7676,0.7636,0.758,0.7512,0.7432,0.738,0.7284,0.7224,0.7188,0.7092,0.7036,0.6896,0.6764,0.6588,0.0
1.0,0.9916,0.9864,0.9812,0.974,0.9652,0.9588,0.9532,0.9484,0.9468,0.944,0.9368,0.9272,0.9224,0.9172,0.9088,0.9008,0.896,0.8908,0.8852,0.88,0.8748,0.8692,0.864,0.8576,0.852,0.8476,0.8428,0.836,0.83,0.8252,0.8188,0.8136,0.8108,0.8044,0.8016,0.7976,0.7916,0.7884,0.7816,0.7768,0.7696,0.764,0.756,0.746,0.7392,0.7324,0.7288,0.7164,0.7088,0.6668,0.0
1.0,0.9924,0.9884,0.9832,0.9784,0.9728,0.9672,0.9616,0.9576,0.9524,0.9468,0.9424,0.9348,0.93,0.926,0.9192,0.9128,0.906,0.9028,0.8972,0.8912,0.8892,0.8844,0.8756,0.8712,0.8668,0.8612,0.8556,0.8496,0.844,0.8408,0.8356,0.828,0.824,0.8192,0.8144,0.8096,0.8052,0.8024,0.7968,0.7908,0.786,0.782,0.7756,0.7668,0.7584,0.756,0.7456,0.7364,0.7312,0.7244,0.7172,0.7076,0.7032,0.6916,0.6864,0.0
1.0,0.9964,0.9892,0.9844,0.9776,0.9744,0.9668,0.9608,0.9556,0.95,0.9408,0.9364,0.9308,0.9272,0.9188,0.9152,0.9112,0.9048,0.8992,0.8952,0.8892,0.884,0.878,0.8724,0.8664,0.8604,0.854,0.8496,0.8444,0.8368,0.8296,0.824,0.8196,0.8128,0.8068,0.8016,0.7964,0.79,0.7844,0.78,0.7756,0.7716,0.7644,0.76,0.752,0.7488,0.7444,0.7408,0.7292,0.7244,0.712,0.7008,0.6964,0.6804,0.6688,0.6448,0.0
1.0,0.9964,0.9908,0.9856,0.9792,0.9736,0.9688,0.9636,0.956,0.95,0.944,0.9376,0.9332,0.928,0.9212,0.9156,0.9112,0.904,0.8976,0.892,0.8856,0.8784,0.8736,0.8692,0.8636,0.8616,0.856,0.8512,0.848,0.844,0.84,0.8352,0.8308,0.8244,0.8196,0.8148,0.8092,0.8068,0.7996,0.7936,0.7836,0.7772,0.766,0.7636,0.7576,0.7496,0.7412,0.7376,0.7292,0.7148,0.7116,0.7024,0.6704,0.0
1.0,0.992,0.9876,0.9792,0.9708,0.9648,0.9568,0.95,0.9436,0.9388,0.9352,0.9292,0.9204,0.9132,0.91,0.9072,0.8992,0.8944,0.8876,0.8836,0.8772,0.874,0.8672,0.8628,0.8548,0.8496,0.8436,0.8384,0.8304,0.8232,0.8172,0.8112,0.808,0.802,0.7964,0.7928,0.7868,0.782,0.7776,0.7732,0.7644,0.7592,0.7556,0.7488,0.738,0.734,0.7232,0.7128,0.7048,0.6624,0.0
1.0,0.9944,0.9888,0.9832,0.9788,0.9728,0.9664,0.9612,0.9564,0.9484,0.944,0.9392,0.9344,0.932,0.9268,0.9224,0.9176,0.9136,0.908,0.9004,0.8932,0.8868,0.8808,0.8732,0.8676,0.8636,0.8568,0.852,0.846,0.844,0.84,0.8356,0.8296,0.8264,0.82,0.8148,0.8096,0.802,0.798,0.7944,0.7888,0.7836,0.7776,0.7692,0.7592,0.752,0.7476,0.7392,0.7352,0.7256,0.7192,0.7108,0.6924,0.678,0.6716,0.0
1.0,0.9952,0.99,0.9832,0.9752,0.9676,0.96,0.9528,0.948,0.9416,0.9384,0.934,0.9268,0.9216,0.916,0.91,0.904,0.8996,0.8948,0.8904,0.8856,0.8796,0.8736,0.8696,0.8644,0.8612,0.8576,0.8532,0.8472,0.8444,0.8388,0.8336,0.8296,0.824,0.8188,0.81,0.8028,0.7988,0.79,0.7828,0.7772,0.7704,0.7628,0.7608,0.7512,0.7464,0.7436,0.7272,0.7208,0.7124,0.7008,0.6848,0.668,0.0
1.0,0.9948,0.99,0.9844,0.9796,0.9748,0.9692,0.964,0.958,0.9544,0.9488,0.944,0.9392,0.932,0.926,0.9212,0.9152,0.9072,0.9012,0.8952,0.8896,0.8836,0.878,0.87,0.8664,0.86,0.8568,0.8556,0.8484,0.844,0.8428,0.8352,0.8304,0.8196,0.8148,0.8124,0.81,0.8028,0.7976,0.7904,0.7872,0.7848,0.78,0.7744,0.7692,0.7652,0.7576,0.7528,0.7448,0.74,0.7232,0.72,0.7148,0.7092,0.704,0.682,0.0
1.0,0.9948,0.9864,0.9796,0.976,0.9672,0.9608,0.956,0.9504,0.9444,0.9396,0.932,0.9264,0.9216,0.9172,0.9104,0.9056,0.9016,0.896,0.8904,0.8864,0.882,0.8752,0.8712,0.8648,0.8596,0.8552,0.8516,0.848,0.8432,0.8376,0.8312,0.8276,0.8232,0.8184,0.8128,0.8044,0.8008,0.7964,0.792,0.7864,0.7816,0.7768,0.7668,0.7608,0.7548,0.75,0.7428,0.7404,0.732,0.7264,0.7196,0.7048,0.7008,0.696,0.6712,0.0
1.0,0.9936,0.9864,0.9804,0.9752,0.9676,0.9648,0.958,0.952,0.9468,0.942,0.936,0.9336,0.9284,0.9236,0.9184,0.9136,0.9088,0.9008,0.8924,0.8888,0.88,0.8748,0.87,0.8636,0.8568,0.852,0.8476,0.8416,0.8376,0.834,0.8296,0.8204,0.8172,0.8116,0.8044,0.796,0.792,0.788,0.7832,0.7788,0.774,0.7676,0.7616,0.7568,0.7536,0.7492,0.7472,0.7392,0.7352,0.7276,0.7236,0.7148,0.7136,0.7084,0.6968,0.6816,0.6696,0.6532,0.0
1.0,0.9972,0.9876,0.9808,0.9748,0.9712,0.9648,0.9584,0.9532,0.9492,0.9404,0.936,0.932,0.924,0.918,0.912,0.9064,0.8992,0.8956,0.8908,0.8856,0.8804,0.8772,0.872,0.8644,0.8588,0.8564,0.8492,0.8416,0.8324,0.8256,0.8204,0.8168,0.8124,0.8084,0.8056,0.8012,0.7944,0.788,0.7824,0.7756,0.7704,0.7644,0.756,0.7468,0.744,0.7344,0.732,0.7244,0.7036,0.6864,0.0
1.0,0.9924,0.9856,0.9796,0.9748,0.9692,0.9644,0.958,0.9536,0.95,0.944,0.9392,0.9348,0.9284,0.9232,0.9164,0.9108,0.906,0.8992,0.8968,0.8936,0.8892,0.8848,0.8796,0.8764,0.8712,0.8652,0.86,0.8544,0.8496,0.8436,0.8392,0.8348,0.8296,0.8232,0.8196,0.8144,0.808,0.8044,0.8028,0.7968,0.7936,0.7876,0.7848,0.7748,0.7712,0.7616,0.7552,0.7504,0.7404,0.7324,0.7284,0.7192,0.7068,0.6956,0.6784,0.6708,0.664,0.0
1.0,0.9972,0.9924,0.9876,0.9808,0.9764,0.9668,0.9624,0.9584,0.9516,0.9432,0.9368,0.9332,0.9272,0.9176,0.9132,0.9068,0.902,0.896,0.8888,0.8856,0.88,0.876,0.8724,0.8664,0.8608,0.8552,0.8512,0.8448,0.8392,0.8344,0.8284,0.824,0.816,0.8132,0.8092,0.8044,0.7976,0.7916,0.7856,0.7792,0.7716,0.7664,0.7596,0.7496,0.7448,0.7364,0.7308,0.7224,0.7176,0.7056,0.69,0.6716,0.6468,0.0
1.0,0.9928,0.988,0.982,0.974,0.9692,0.964,0.9616,0.958,0.9512,0.946,0.9404,0.9344,0.9296,0.9236,0.9176,0.9112,0.9056,0.8992,0.8936,0.8876,0.8804,0.8712,0.8672,0.8636,0.8584,0.854,0.8452,0.8388,0.8316,0.824,0.8192,0.8128,0.8068,0.8036,0.7964,0.7892,0.7816,0.778,0.7716,0.7684,0.7628,0.7564,0.7448,0.7372,0.7284,0.7224,0.714,0.7056,0.6988,0.6832,0.0
1.0,0.9932,0.9884,0.9824,0.9756,0.9708,0.9644,0.9544,0.9484,0.9424,0.9376,0.932,0.9264,0.92,0.9164,0.91,0.9052,0.8992,0.8952,0.8888,0.8844,0.8808,0.8728,0.8652,0.8612,0.8568,0.8524,0.8452,0.8412,0.8364,0.832,0.8272,0.822,0.8164,0.8132,0.8064,0.8044,0.798,0.7932,0.7868,0.7824,0.7776,0.7692,0.7632,0.758,0.7536,0.75,0.7464,0.7348,0.7284,0.724,0.716,0.7116,0.686,0.6796,0.662,0.0
1.0,0.9936,0.9848,0.9764,0.9704,0.9656,0.96,0.9496,0.9444,0.9356,0.9288,0.9224,0.9172,0.9124,0.9036,0.898,0.8912,0.8892,0.8836,0.8768,0.87,0.862,0.8584,0.856,0.8504,0.8416,0.8336,0.8288,0.8212,0.8132,0.8072,0.8052,0.7988,0.7932,0.786,0.7776,0.7708,0.7676,0.764,0.758,0.7512,0.7476,0.7408,0.7328,0.7312,0.7204,0.7004,0.6812,0.6628,0.0
1.0,0.9932,0.9872,0.9824,0.976,0.9704,0.9668,0.9608,0.9564,0.9512,0.9468,0.9384,0.9332,0.9272,0.9224,0.9148,0.908,0.9004,0.8948,0.89,0.8832,0.876,0.8712,0.866,0.8624,0.8532,0.8484,0.8404,0.8376,0.8344,0.8292,0.8204,0.8168,0.8136,0.808,0.8004,0.794,0.7896,0.7848,0.7796,0.7724,0.7652,0.758,0.7508,0.7452,0.7404,0.7368,0.7252,0.718,0.7136,0.7052,0.6948,0.6884,0.6804,0.6752,0.0
1.0,0.9932,0.9872,0.98,0.9688,0.962,0.956,0.9492,0.9408,0.9368,0.9312,0.9236,0.92,0.9152,0.9112,0.9068,0.902,0.8976,0.8916,0.8852,0.88,0.8716,0.8668,0.8612,0.8552,0.8512,0.8488,0.8468,0.8408,0.8348,0.8288,0.8204,0.8116,0.8052,0.7996,0.794,0.7896,0.7852,0.7804,0.7744,0.7616,0.7588,0.7516,0.7444,0.7408,0.7376,0.7336,0.7272,0.72,0.7164,0.7096,0.7004,0.6876,0.6836,0.6672,0.6516,0.6344,0.0
1.0,0.9964,0.9892,0.9844,0.978,0.9712,0.9628,0.9588,0.954,0.948,0.9424,0.936,0.9292,0.9252,0.9164,0.9112,0.9044,0.8968,0.8936,0.8896,0.884,0.8796,0.8756,0.8712,0.8628,0.8588,0.8552,0.8516,0.8472,0.8428,0.838,0.8328,0.828,0.8224,0.8176,0.814,0.808,0.8052,0.8012,0.794,0.7932,0.7904,0.7864,0.782,0.7744,0.7636,0.7624,0.758,0.7536,0.7456,0.7408,0.726,0.7216,0.714,0.71,0.7012,0.6892,0.674,0.0
1.0,0.9932,0.9876,0.9804,0.9748,0.9684,0.962,0.9556,0.9508,0.9452,0.9416,0.9388,0.932,0.9268,0.918,0.9144,0.908,0.9028,0.8984,0.8944,0.8908,0.8828,0.8772,0.8716,0.8664,0.8588,0.856,0.8512,0.8484,0.8416,0.834,0.8272,0.8232,0.8164,0.812,0.808,0.8028,0.7936,0.7896,0.786,0.7812,0.772,0.7676,0.7632,0.758,0.7464,0.7416,0.7352,0.7272,0.7164,0.7084,0.6848,0.674,0.0
1.0,0.9904,0.9852,0.9816,0.9764,0.9688,0.962,0.9512,0.9448,0.9392,0.9312,0.9232,0.918,0.9168,0.9116,0.9076,0.9016,0.8956,0.8888,0.884,0.8796,0.876,0.8696,0.864,0.8588,0.852,0.8472,0.8424,0.836,0.8312,0.8272,0.8216,0.8176,0.8132,0.8092,0.8064,0.7988,0.7916,0.7896,0.7832,0.7772,0.7696,0.7644,0.7544,0.7488,0.744,0.7364,0.736,0.7316,0.724,0.718,0.7116,0.7044,0.6976,0.684,0.0
1.0,0.9928,0.9868,0.9812,0.9752,0.9704,0.9624,0.9584,0.952,0.9472,0.9444,0.9356,0.9312,0.9256,0.9168,0.9096,0.9016,0.8976,0.8892,0.886,0.8804,0.8756,0.87,0.8664,0.8576,0.854,0.8508,0.848,0.8428,0.8388,0.832,0.8272,0.8212,0.8164,0.812,0.804,0.8004,0.7904,0.7864,0.7796,0.774,0.7728,0.77,0.7652,0.7588,0.752,0.75,0.7452,0.7396,0.7352,0.7324,0.7216,0.7128,0.6896,0.6668,0.0
1.0,0.9952,0.988,0.9792,0.9752,0.9676,0.9624,0.9548,0.9476,0.9396,0.9344,0.9308,0.9248,0.9196,0.9152,0.91,0.9068,0.9,0.896,0.8884,0.8844,0.8792,0.8764,0.8712,0.8652,0.8592,0.85,0.8444,0.8392,0.8328,0.826,0.822,0.8156,0.8108,0.8056,0.7964,0.7916,0.788,0.7776,0.7728,0.7704,0.7656,0.758,0.7528,0.7428,0.736,0.7272,0.7216,0.7076,0.694,0.6868,0.6724,0.6524,0.0
1.0,0.9912,0.9856,0.9788,0.9716,0.964,0.9588,0.954,0.948,0.942,0.936,0.9308,0.9264,0.922,0.916,0.9116,0.9052,0.9004,0.8924,0.8884,0.8856,0.8808,0.8748,0.8676,0.86,0.8532,0.8464,0.8384,0.8288,0.826,0.822,0.8148,0.8096,0.8052,0.7996,0.7932,0.786,0.7808,0.778,0.7744,0.768,0.7616,0.7564,0.7496,0.7444,0.7384,0.7296,0.7224,0.7148,0.7092,0.7044,0.6884,0.0
1.0,0.9932,0.9884,0.9832,0.9772,0.9728,0.9684,0.9644,0.9556,0.9484,0.9432,0.9392,0.9316,0.9268,0.9184,0.9116,0.9052,0.8992,0.8924,0.8856,0.8756,0.8688,0.868,0.8624,0.8564,0.8496,0.8476,0.8416,0.8344,0.8316,0.8248,0.8216,0.8168,0.8132,0.8088,0.802,0.796,0.7896,0.7868,0.784,0.7772,0.77,0.7648,0.758,0.7552,0.7468,0.7404,0.7308,0.7236,0.7188,0.708,0.6956,0.6772,0.6588,0.0
1.0,0.9944,0.988,0.9812,0.9728,0.9704,0.9668,0.9624,0.9576,0.9516,0.9452,0.938,0.9344,0.93,0.924,0.9184,0.9116,0.906,0.902,0.8968,0.8928,0.8872,0.8828,0.8776,0.872,0.8644,0.8576,0.85,0.8412,0.8344,0.8284,0.8228,0.8176,0.8124,0.8072,0.7996,0.7928,0.7856,0.7792,0.774,0.7712,0.764,0.756,0.7504,0.742,0.7364,0.7292,0.7264,0.7216,0.7132,0.7104,0.6972,0.6928,0.6776,0.6432,0.0
1.0,0.9956,0.9876,0.9824,0.974,0.9664,0.964,0.9564,0.9504,0.944,0.9384,0.934,0.9276,0.9228,0.916,0.9096,0.9048,0.902,0.8976,0.8916,0.8876,0.8816,0.8752,0.868,0.8608,0.8536,0.8492,0.8416,0.8392,0.8336,0.8304,0.826,0.8212,0.818,0.8144,0.8104,0.8052,0.8036,0.7972,0.7924,0.788,0.7824,0.7752,0.7696,0.7656,0.754,0.7428,0.7388,0.7324,0.724,0.716,0.7064,0.698,0.6716,0.0
1.0,0.992,0.9868,0.9796,0.9716,0.9648,0.96,0.9536,0.9468,0.9408,0.9364,0.9336,0.9276,0.9172,0.9088,0.902,0.8964,0.894,0.8872,0.88,0.8716,0.8676,0.8632,0.854,0.8488,0.8412,0.8344,0.8288,0.8248,0.8192,0.8136,0.8084,0.804,0.7972,0.7928,0.7868,0.782,0.7784,0.7748,0.7668,0.7628,0.758,0.7512,0.7488,0.7416,0.7288,0.7224,0.7176,0.7068,0.694,0.6912,0.6708,0.6548,0.6448,0.0
1.0,0.9952,0.9888,0.9836,0.9792,0.9732,0.9676,0.9612,0.9532,0.9484,0.9424,0.9348,0.9256,0.9192,0.9124,0.9052,0.9004,0.8936,0.8864,0.8804,0.8744,0.8708,0.8652,0.8596,0.8532,0.8484,0.8432,0.836,0.832,0.8268,0.8164,0.8084,0.8032,0.7956,0.7912,0.7868,0.7832,0.778,0.7724,0.7672,0.7616,0.7584,0.752,0.7488,0.7396,0.7336,0.7204,0.7092,0.6952,0.6824,0.6736,0.0
1.0,0.994,0.9892,0.9856,0.9772,0.9728,0.9656,0.96,0.9524,0.9472,0.9432,0.9392,0.9332,0.9252,0.92,0.9156,0.91,0.9044,0.8996,0.8944,0.89,0.8856,0.8812,0.878,0.8712,0.8688,0.8636,0.8576,0.8516,0.844,0.8388,0.8328,0.826,0.8196,0.8128,0.8048,0.8004,0.7976,0.7928,0.786,0.7836,0.7808,0.7748,0.7696,0.7648,0.7588,0.7556,0.7472,0.7424,0.7392,0.7328,0.7144,0.7028,0.6912,0.6856,0.6624,0.0
1.0,0.9924,0.9852,0.9804,0.9748,0.9692,0.964,0.9576,0.9488,0.9432,0.9376,0.9336,0.9276,0.9216,0.9152,0.9124,0.906,0.9008,0.8968,0.892,0.886,0.8792,0.8728,0.868,0.8612,0.858,0.8536,0.8496,0.8452,0.8408,0.8348,0.8308,0.824,0.822,0.818,0.8128,0.8088,0.8,0.7964,0.7928,0.7876,0.7812,0.7752,0.7708,0.7696,0.7672,0.7576,0.7532,0.7496,0.7432,0.7348,0.7272,0.7228,0.7192,0.7124,0.7,0.6964,0.6796,0.6684,0.0
1.0,0.9928,0.9864,0.9796,0.9724,0.9672,0.9628,0.9592,0.9544,0.948,0.9408,0.9352,0.9296,0.9216,0.9172,0.9096,0.9028,0.8968,0.8924,0.8864,0.8816,0.8752,0.8684,0.8612,0.8548,0.8472,0.8436,0.8396,0.8352,0.8324,0.83,0.8232,0.818,0.812,0.808,0.804,0.7968,0.7928,0.788,0.7828,0.776,0.77,0.766,0.76,0.758,0.7516,0.738,0.7324,0.7248,0.7112,0.7004,0.6876,0.6764,0.6664,0.0
1.0,0.9936,0.9892,0.9832,0.9776,0.9704,0.9656,0.9608,0.9508,0.9428,0.9384,0.9312,0.9244,0.9192,0.9136,0.9064,0.9012,0.8976,0.8944,0.8876,0.882,0.876,0.8724,0.8664,0.862,0.8588,0.8552,0.8512,0.8464,0.8424,0.8348,0.8272,0.8236,0.816,0.8132,0.8108,0.8024,0.7952,0.7884,0.7828,0.7784,0.776,0.7716,0.7684,0.758,0.7468,0.7396,0.7368,0.7288,0.718,0.7112,0.6872,0.0
1.0,0.9928,0.986,0.9792,0.9752,0.9676,0.9624,0.9564,0.9504,0.9464,0.9432,0.9384,0.9332,0.926,0.9192,0.9144,0.9084,0.904,0.8996,0.8972,0.8896,0.8868,0.8816,0.8776,0.8696,0.8652,0.8584,0.8544,0.852,0.8476,0.842,0.8368,0.832,0.8272,0.8244,0.8216,0.82,0.816,0.8096,0.8064,0.7988,0.794,0.7884,0.7836,0.7816,0.776,0.7732,0.7712,0.7668,0.7664,0.7548,0.7476,0.7444,0.7316,0.718,0.7052,0.7012,0.6972,0.688,0.6676,0.6588,0.0
1.0,0.9952,0.9884,0.9812,0.9744,0.9676,0.9628,0.9544,0.948,0.9432,0.9392,0.934,0.9264,0.9208,0.916,0.9108,0.9036,0.898,0.8932,0.8868,0.882,0.8784,0.874,0.8696,0.8656,0.8608,0.8576,0.8524,0.8516,0.8456,0.838,0.8332,0.8236,0.8212,0.8156,0.8096,0.806,0.8008,0.7944,0.79,0.7872,0.7808,0.7768,0.7684,0.7664,0.762,0.7576,0.752,0.7456,0.738,0.7336,0.7308,0.7224,0.7196,0.7168,0.6768,0.6704,0.658,0.6504,0.0
1.0,0.9944,0.9896,0.9828,0.976,0.9684,0.9604,0.9536,0.9524,0.9448,0.9372,0.9304,0.9216,0.916,0.91,0.904,0.8972,0.8928,0.8884,0.8844,0.8764,0.8712,0.8656,0.8616,0.8556,0.8484,0.8424,0.8392,0.8332,0.8272,0.8204,0.8176,0.812,0.8064,0.802,0.7944,0.7876,0.7796,0.7716,0.768,0.7592,0.7504,0.7432,0.7336,0.7296,0.7172,0.708,0.6976,0.6928,0.6824,0.6624,0.0
1.0,0.9932,0.9876,0.98,0.9744,0.9664,0.9616,0.9568,0.9516,0.9444,0.936,0.9292,0.9232,0.9184,0.9148,0.9108,0.9036,0.8992,0.8916,0.8872,0.8816,0.8764,0.8712,0.866,0.8612,0.8588,0.8528,0.85,0.8444,0.8396,0.8364,0.8312,0.8276,0.8224,0.8176,0.8096,0.804,0.7992,0.7936,0.7904,0.7844,0.7804,0.7732,0.7672,0.762,0.76,0.7552,0.7492,0.7424,0.7348,0.7308,0.722,0.714,0.7108,0.698,0.6912,0.6764,0.6508,0.0
1.0,0.9952,0.9884,0.9828,0.9748,0.9712,0.9656,0.96,0.9556,0.948,0.9428,0.9396,0.9348,0.9296,0.9224,0.9172,0.9128,0.9064,0.9016,0.8964,0.89,0.8852,0.8776,0.8692,0.8672,0.8612,0.8576,0.854,0.8488,0.8428,0.8404,0.8292,0.8264,0.8228,0.8208,0.8152,0.8076,0.7996,0.7936,0.7896,0.7872,0.782,0.7728,0.7648,0.7568,0.7516,0.7488,0.7416,0.7364,0.726,0.7192,0.7152,0.7036,0.6864,0.6792,0.6528,0.0
1.0,0.9944,0.9864,0.9808,0.9728,0.9672,0.9616,0.9552,0.95,0.9444,0.9392,0.9328,0.9288,0.9228,0.9192,0.916,0.9124,0.9072,0.9032,0.8996,0.8924,0.886,0.8808,0.8708,0.8656,0.8584,0.854,0.8472,0.842,0.8368,0.83,0.8248,0.8196,0.8124,0.8092,0.8056,0.8016,0.7976,0.7928,0.7884,0.7808,0.7768,0.772,0.7644,0.7616,0.7584,0.7504,0.7496,0.7452,0.7368,0.7276,0.72,0.7044,0.6996,0.6856,0.0
1.0,0.9924,0.9884,0.984,0.9792,0.9748,0.9688,0.9616,0.9544,0.9484,0.9436,0.9344,0.9272,0.922,0.9164,0.908,0.9028,0.8972,0.8904,0.8852,0.8812,0.8752,0.87,0.8608,0.8508,0.844,0.8404,0.8336,0.8284,0.8224,0.8184,0.8156,0.8116,0.8068,0.8032,0.7976,0.794,0.7884,0.7844,0.7776,0.7736,0.7704,0.7632,0.7588,0.7528,0.7432,0.7384,0.7348,0.726,0.7096,0.7044,0.6748,0.6532,0.0
1.0,0.9904,0.9856,0.98,0.974,0.9668,0.9616,0.956,0.9508,0.9456,0.9408,0.932,0.9272,0.9236,0.9184,0.9116,0.9056,0.9004,0.8968,0.89,0.8864,0.8788,0.8736,0.868,0.8648,0.8608,0.856,0.85,0.8452,0.8392,0.8336,0.8272,0.8232,0.8204,0.8132,0.8072,0.8012,0.7952,0.7916,0.786,0.782,0.776,0.7692,0.7576,0.7492,0.7416,0.7316,0.7228,0.7068,0.696,0.676,0.0
1.0,0.992,0.9872,0.9792,0.9696,0.9628,0.954,0.9468,0.9412,0.9344,0.928,0.9212,0.916,0.9092,0.9068,0.9016,0.8976,0.8928,0.888,0.8828,0.8792,0.8736,0.8692,0.8648,0.862,0.8596,0.8532,0.8464,0.8404,0.8372,0.832,0.826,0.8216,0.8152,0.8116,0.8064,0.8008,0.7984,0.7928,0.7892,0.7816,0.7732,0.768,0.7628,0.7584,0.756,0.7556,0.75,0.746,0.74,0.7324,0.7252,0.7132,0.7056,0.6924,0.6868,0.6804,0.0
1.0,0.994,0.988,0.9804,0.9768,0.9696,0.9652,0.9584,0.954,0.9496,0.9416,0.936,0.9284,0.9188,0.9144,0.908,0.902,0.894,0.8892,0.8836,0.88,0.876,0.8716,0.866,0.8624,0.8568,0.8508,0.8472,0.8448,0.842,0.8344,0.8284,0.8228,0.8168,0.81,0.8056,0.8024,0.7924,0.7888,0.7844,0.7788,0.7752,0.7704,0.7656,0.7584,0.7504,0.7456,0.742,0.734,0.7276,0.7208,0.7144,0.7036,0.6896,0.6756,0.648,0.0
1.0,0.9944,0.9896,0.9848,0.9776,0.9704,0.9632,0.9556,0.9512,0.9444,0.94,0.9332,0.9284,0.9236,0.9192,0.9116,0.9068,0.8992,0.8928,0.8868,0.8828,0.8788,0.8748,0.868,0.8628,0.8576,0.8516,0.844,0.8368,0.8308,0.8256,0.8184,0.8148,0.8104,0.8056,0.7988,0.7896,0.784,0.7788,0.7712,0.7668,0.7584,0.754,0.748,0.7372,0.728,0.7236,0.7164,0.7148,0.7092,0.6968,0.674,0.6564,0.0
1.0,0.9944,0.9904,0.984,0.9808,0.9752,0.9688,0.962,0.9556,0.9512,0.9464,0.9396,0.9348,0.93,0.9252,0.918,0.912,0.9072,0.9012,0.8956,0.894,0.8876,0.8784,0.8712,0.8664,0.8636,0.8576,0.8508,0.844,0.8392,0.8356,0.8308,0.8264,0.822,0.8172,0.8116,0.8036,0.8,0.7932,0.7864,0.7824,0.7748,0.7684,0.762,0.7552,0.75,0.7424,0.7372,0.724,0.7,0.6868,0.662,0.0
1.0,0.9928,0.9844,0.9772,0.9708,0.9624,0.9548,0.9504,0.9444,0.9388,0.9308,0.9248,0.9188,0.912,0.9068,0.9016,0.898,0.8928,0.89,0.882,0.8784,0.8724,0.8688,0.8612,0.8552,0.848,0.844,0.84,0.8308,0.8292,0.8252,0.8156,0.8088,0.8,0.7928,0.7868,0.7792,0.776,0.7724,0.7668,0.7608,0.7512,0.746,0.7364,0.7316,0.7272,0.7192,0.7132,0.706,0.6884,0.668,0.0
1.0,0.9952,0.9888,0.984,0.9764,0.9728,0.9656,0.9612,0.9572,0.9512,0.9448,0.94,0.9324,0.928,0.9236,0.9196,0.916,0.9084,0.9048,0.8992,0.8936,0.8888,0.882,0.8764,0.8716,0.8688,0.8632,0.8552,0.8504,0.842,0.8372,0.8336,0.8292,0.822,0.816,0.8112,0.8076,0.8024,0.7972,0.7912,0.7868,0.7808,0.7752,0.7692,0.7664,0.7596,0.7524,0.7384,0.7284,0.7224,0.7124,0.7032,0.6948,0.6764,0.0
1.0,0.9948,0.986,0.9784,0.9704,0.9592,0.9528,0.9472,0.9424,0.9392,0.9316,0.928,0.9196,0.9116,0.906,0.8972,0.8948,0.8904,0.8828,0.876,0.8736,0.8676,0.86,0.8544,0.8496,0.8428,0.838,0.8304,0.8264,0.822,0.8196,0.8128,0.8088,0.8048,0.7976,0.7936,0.7904,0.7848,0.7764,0.7696,0.762,0.7532,0.7492,0.7424,0.7356,0.7324,0.7276,0.7228,0.714,0.7004,0.6892,0.6788,0.6688,0.0
1.0,0.9924,0.9864,0.9816,0.976,0.9696,0.964,0.9568,0.952,0.9444,0.9356,0.9276,0.9216,0.9164,0.9116,0.9068,0.8988,0.8924,0.888,0.8836,0.8772,0.872,0.8704,0.8648,0.8576,0.8544,0.852,0.844,0.8412,0.8344,0.8312,0.8256,0.8212,0.8172,0.812,0.8068,0.8028,0.7984,0.794,0.7916,0.7864,0.7784,0.7724,0.7668,0.7608,0.7552,0.7464,0.7396,0.7356,0.7308,0.7228,0.714,0.7084,0.7016,0.6912,0.68,0.67,0.66,0.0
1.0,0.9956,0.9888,0.9816,0.9732,0.9684,0.9652,0.96,0.958,0.9508,0.9444,0.9376,0.9332,0.928,0.9208,0.9144,0.9088,0.9032,0.8976,0.8928,0.888,0.882,0.8784,0.8728,0.8684,0.8616,0.858,0.85,0.844,0.8404,0.8344,0.8284,0.8188,0.8108,0.804,0.8004,0.7904,0.7832,0.7796,0.776,0.7716,0.7664,0.7576,0.754,0.7512,0.746,0.7364,0.7324,0.7272,0.7248,0.7144,0.712,0.708,0.6976,0.6896,0.6596,0.6328,0.0
1.0,0.994,0.9876,0.9784,0.9672,0.9596,0.956,0.9492,0.9452,0.9412,0.936,0.9312,0.9268,0.9224,0.916,0.9104,0.9044,0.896,0.8892,0.8856,0.8828,0.878,0.8712,0.8656,0.8592,0.8524,0.846,0.8392,0.8356,0.8316,0.8252,0.8192,0.8144,0.8084,0.7996,0.7924,0.7852,0.7792,0.7732,0.7672,0.7588,0.7528,0.7432,0.7364,0.73,0.7236,0.7164,0.7108,0.6948,0.684,0.6804,0.0
1.0,0.9924,0.988,0.984,0.9772,0.9716,0.9648,0.9596,0.9532,0.9468,0.9416,0.9344,0.928,0.9216,0.9156,0.9132,0.9096,0.904,0.8988,0.8944,0.8896,0.884,0.8784,0.8756,0.8692,0.8612,0.8576,0.8504,0.8456,0.8428,0.8388,0.8336,0.8284,0.82,0.8152,0.812,0.8076,0.8052,0.7988,0.7868,0.7808,0.7752,0.7708,0.7652,0.7616,0.7556,0.7484,0.7444,0.7436,0.7336,0.7264,0.7176,0.7064,0.696,0.6776,0.662,0.0
1.0,0.994,0.986,0.982,0.9784,0.9736,0.9688,0.962,0.954,0.9484,0.9444,0.9384,0.9312,0.9264,0.9176,0.9148,0.908,0.9028,0.8964,0.89,0.8872,0.8792,0.8748,0.8672,0.8612,0.8548,0.8484,0.8412,0.8352,0.8292,0.8236,0.8168,0.8116,0.806,0.8024,0.7968,0.7936,0.7888,0.7824,0.7756,0.77,0.7672,0.7608,0.7552,0.7484,0.7432,0.734,0.7252,0.7192,0.714,0.7056,0.6908,0.6788,0.6716,0.0
1.0,0.9924,0.9852,0.9776,0.9696,0.9636,0.9564,0.9508,0.9452,0.9372,0.9324,0.9284,0.9228,0.9172,0.9116,0.9056,0.902,0.8952,0.8912,0.8864,0.8812,0.878,0.874,0.8692,0.8656,0.8572,0.8508,0.844,0.8352,0.8324,0.8296,0.8244,0.8204,0.8164,0.8112,0.8076,0.8024,0.7988,0.794,0.7804,0.7752,0.772,0.7628,0.7576,0.7516,0.7484,0.7416,0.7364,0.734,0.7252,0.7236,0.7188,0.7104,0.7048,0.6748,0.664,0.6556,0.0
1.0,0.9956,0.9928,0.988,0.9832,0.9748,0.9668,0.9608,0.9552,0.9516,0.9436,0.9388,0.9316,0.9272,0.9232,0.9164,0.91,0.902,0.8952,0.8888,0.8828,0.8756,0.872,0.8676,0.862,0.8584,0.8564,0.8468,0.8412,0.8348,0.8248,0.8188,0.8136,0.8092,0.8016,0.7972,0.792,0.7868,0.7812,0.774,0.7668,0.7632,0.758,0.752,0.748,0.7428,0.734,0.7284,0.7172,0.7076,0.6876,0.6512,0.0
